<?xml version="1.0" encoding="UTF-8"?>
<beans 
	xmlns="http://www.springframework.org/schema/beans" 
	xmlns:xsi="http://www.w3.org/2001/XMLSchema-instance"
 	xsi:schemaLocation="http://www.springframework.org/schema/beans
 	http://www.springframework.org/schema/beans/spring-beans-3.0.xsd">
 	<bean id="q" class="aaspringcollection.questions">
 	<constructor-arg value="11"></constructor-arg>
 	<constructor-arg value="what is java"></constructor-arg>
 	<constructor-arg>
 	<map>
 	<entry key="java" value="ajay ans"></entry>
 	<entry key="java1" value="ajay1 ans"></entry>
 	<entry key="java2" value="ajay2 ans"></entry>
 	</map>
 	</constructor-arg>
 	</bean>
 	</beans>