<?xml version="1.0" encoding="UTF-8"?>
<beans 
	xmlns="http://www.springframework.org/schema/beans" 
	xmlns:xsi="http://www.w3.org/2001/XMLSchema-instance"
 	xsi:schemaLocation="http://www.springframework.org/schema/beans
 	http://www.springframework.org/schema/beans/spring-beans-3.0.xsd">
 	
<bean id="p" class="com.per.person">

<property name="id" value="10"></property>
<property name="name" value="java"></property>

</bean>
<bean id="pers" class="com.per.perdemo" autowire="byName">
<property name="p" ></property>
<property name="mob" value="98"></property>
</bean>
</beans>


<!-- 
<bean id="pers" class="com.per.perdemo">
<property name="p" >

<bean id="person" class="com.per.person">

<property name="id" value="10"></property>
<property name="name" value="java"></property>
</bean>
</property>
<property name="mob" value="98"></property>
</bean>

</beans>

 -->