<?xml version="1.0" encoding="UTF-8"?>
<beans 
	xmlns="http://www.springframework.org/schema/beans" 
	xmlns:xsi="http://www.w3.org/2001/XMLSchema-instance"
 	xsi:schemaLocation="http://www.springframework.org/schema/beans
 	http://www.springframework.org/schema/beans/spring-beans-3.0.xsd">
 	
<bean id="Address" class="com.newpack.Address">

<property name="addrid" value="10"></property>
<property name="loc" value="tcr"></property>
</bean>
<bean id="emp" class="com.newpack.Employee" autowire="byType">

<property name="salary" value="98"></property>
</bean>
</beans>
