<?xml version="1.0" encoding="UTF-8"?>
<beans 
	xmlns="http://www.springframework.org/schema/beans" 
	xmlns:xsi="http://www.w3.org/2001/XMLSchema-instance"
 	xsi:schemaLocation="http://www.springframework.org/schema/beans
 	http://www.springframework.org/schema/beans/spring-beans-3.0.xsd">
 	
<bean id="b" class="com.demospring.Book">

<constructor-arg name="id" value="10"></constructor-arg>
<constructor-arg name="bname" value="java"></constructor-arg>


<!--  <bean id="emp" class="com.demospring.employee" parent="b">

<property name="age" value="11"></property>

</bean>
-->


<constructor-arg>
<list>
<value>hhhhh</value>
<value>jsdlkas</value>
<value>xkskl</value>
</list>
</constructor-arg>
</bean>
</beans>